user_id,activityLoop_id,interactionTime
25223,16,"2017-08-07 07:21:02"
25964,4,"2017-08-18 09:46:16"
25964,4,"2017-08-18 09:47:59"
25964,9,"2017-08-18 09:48:43"
25964,4,"2017-08-18 09:48:43"
25973,4,"2017-08-18 09:50:12"
25973,4,"2017-08-18 09:50:44"
25960,4,"2017-08-18 09:51:40"
25961,4,"2017-08-18 09:52:54"
25973,16,"2017-08-18 09:55:42"
25964,4,"2017-08-18 09:56:51"
25961,4,"2017-08-18 09:58:28"
25964,4,"2017-08-18 10:00:32"
25964,5,"2017-08-18 10:00:58"
25968,4,"2017-08-18 10:02:02"
25968,4,"2017-08-18 10:03:27"
25959,4,"2017-08-18 10:03:28"
25959,9,"2017-08-18 10:05:03"
25959,4,"2017-08-18 10:05:04"
25968,9,"2017-08-18 10:05:04"
25968,4,"2017-08-18 10:05:05"
25964,4,"2017-08-18 10:06:48"
25961,4,"2017-08-18 10:07:26"
25964,9,"2017-08-18 10:09:08"
25964,4,"2017-08-18 10:09:09"
25964,4,"2017-08-18 10:09:55"
25964,4,"2017-08-18 10:11:21"
25964,9,"2017-08-18 10:12:06"
25964,1,"2017-08-18 10:12:06"
25964,4,"2017-08-18 10:12:06"
25964,4,"2017-08-18 10:13:41"
25964,4,"2017-08-18 10:18:04"
25964,4,"2017-08-18 10:21:36"
25964,4,"2017-08-18 10:22:33"
25964,2,"2017-08-18 10:22:33"
25964,20,"2017-08-18 10:22:33"
25960,4,"2017-08-18 16:04:56"
25960,4,"2017-08-18 16:05:35"
25960,9,"2017-08-18 16:08:02"
25960,4,"2017-08-18 16:12:56"
25960,5,"2017-08-18 16:17:04"
25960,9,"2017-08-18 16:21:40"
25960,4,"2017-08-18 16:21:41"
25960,4,"2017-08-18 16:30:23"
25960,4,"2017-08-18 16:34:00"
25960,9,"2017-08-18 16:34:43"
25960,1,"2017-08-18 16:34:43"
25960,4,"2017-08-18 16:34:43"
25960,4,"2017-08-18 16:39:38"
25960,4,"2017-08-18 17:25:18"
25960,9,"2017-08-18 17:25:40"
25960,4,"2017-08-18 17:25:40"
25960,4,"2017-08-18 17:26:13"
25960,4,"2017-08-18 17:29:09"
31569,4,"2017-08-19 09:20:47"
31569,4,"2017-08-19 09:24:07"
31569,9,"2017-08-19 09:24:30"
31569,4,"2017-08-19 09:24:31"
31569,4,"2017-08-19 09:25:18"
31569,4,"2017-08-19 09:25:51"
31569,9,"2017-08-19 09:25:58"
31569,4,"2017-08-19 09:25:59"
25960,9,"2017-08-19 21:06:37"
25960,4,"2017-08-19 21:06:37"
25960,4,"2017-08-19 21:07:20"
25960,4,"2017-08-19 21:09:57"
25960,4,"2017-08-19 21:11:21"
25960,1,"2017-08-19 21:11:28"
25960,4,"2017-08-19 21:11:28"
25960,4,"2017-08-19 21:23:41"
25960,4,"2017-08-19 21:29:26"
25960,4,"2017-08-19 21:36:56"
25960,4,"2017-08-19 21:39:23"
25960,9,"2017-08-19 21:39:50"
25960,4,"2017-08-19 21:39:51"
25960,4,"2017-08-19 21:42:23"
25960,4,"2017-08-19 21:45:39"
25960,4,"2017-08-19 21:48:11"
25960,9,"2017-08-19 21:48:31"
25960,4,"2017-08-19 21:48:32"
25960,4,"2017-08-19 21:51:01"
25960,5,"2017-08-19 21:56:54"
25960,4,"2017-08-21 15:25:07"
25960,4,"2017-08-21 15:26:06"
28503,4,"2017-08-22 07:50:41"
28505,4,"2017-08-22 07:52:12"
28503,4,"2017-08-22 07:54:47"
28542,4,"2017-08-22 07:57:15"
28505,4,"2017-08-22 07:58:49"
28548,4,"2017-08-22 07:59:17"
28505,9,"2017-08-22 07:59:26"
28505,4,"2017-08-22 07:59:27"
28537,4,"2017-08-22 07:59:43"
28503,4,"2017-08-22 08:00:16"
36020,4,"2017-08-22 08:00:34"
28548,4,"2017-08-22 08:00:42"
28521,4,"2017-08-22 08:01:39"
28503,4,"2017-08-22 08:02:30"
28521,4,"2017-08-22 08:02:54"
28521,9,"2017-08-22 08:03:39"
28521,4,"2017-08-22 08:03:40"
28503,9,"2017-08-22 08:03:48"
28503,4,"2017-08-22 08:03:49"
28548,9,"2017-08-22 08:04:10"
28548,4,"2017-08-22 08:04:11"
28617,4,"2017-08-22 08:04:24"
25650,4,"2017-08-22 08:06:49"
28548,4,"2017-08-22 08:06:57"
28530,4,"2017-08-22 08:07:11"
28548,4,"2017-08-22 08:08:07"
28529,4,"2017-08-22 08:08:42"
28502,4,"2017-08-22 08:08:52"
28617,4,"2017-08-22 08:09:02"
28548,9,"2017-08-22 08:09:21"
28548,1,"2017-08-22 08:09:21"
28548,4,"2017-08-22 08:09:21"
28529,4,"2017-08-22 08:09:38"
28529,9,"2017-08-22 08:09:53"
28510,16,"2017-08-22 08:10:26"
28503,4,"2017-08-22 08:11:01"
28521,4,"2017-08-22 08:11:13"
28530,4,"2017-08-22 08:11:59"
28521,5,"2017-08-22 08:12:16"
28548,4,"2017-08-22 08:17:41"
28503,4,"2017-08-22 08:18:05"
33394,16,"2017-08-22 08:20:24"
25978,4,"2017-08-22 08:29:09"
25979,4,"2017-08-22 08:30:09"
25988,4,"2017-08-22 08:31:35"
25985,4,"2017-08-22 08:31:39"
25985,5,"2017-08-22 08:32:54"
25983,4,"2017-08-22 08:33:03"
25973,4,"2017-08-22 08:33:12"
25985,4,"2017-08-22 08:34:31"
25985,9,"2017-08-22 08:35:17"
25985,4,"2017-08-22 08:35:18"
25978,4,"2017-08-22 08:36:06"
25978,9,"2017-08-22 08:36:20"
25978,4,"2017-08-22 08:36:21"
25978,4,"2017-08-22 08:37:17"
25983,4,"2017-08-22 08:37:50"
25978,4,"2017-08-22 08:38:50"
25976,4,"2017-08-22 08:38:59"
25978,1,"2017-08-22 08:39:10"
25985,4,"2017-08-22 08:42:34"
25983,4,"2017-08-22 08:43:53"
25985,4,"2017-08-22 08:43:54"
25985,9,"2017-08-22 08:44:12"
25982,4,"2017-08-22 08:44:18"
25982,4,"2017-08-22 08:45:04"
25985,4,"2017-08-22 08:45:40"
25982,9,"2017-08-22 08:45:54"
25982,4,"2017-08-22 08:45:54"
25985,1,"2017-08-22 08:46:00"
25985,4,"2017-08-22 08:46:00"
25983,9,"2017-08-22 08:49:34"
25983,4,"2017-08-22 08:49:35"
25985,4,"2017-08-22 08:50:33"
25978,4,"2017-08-22 08:52:23"
25985,4,"2017-08-22 08:54:17"
25985,4,"2017-08-22 08:54:42"
25985,2,"2017-08-22 08:54:42"
25985,20,"2017-08-22 08:54:42"
25978,4,"2017-08-22 08:55:20"
25985,4,"2017-08-22 08:56:13"
25985,4,"2017-08-22 08:56:29"
25985,3,"2017-08-22 08:56:29"
25985,21,"2017-08-22 08:56:29"
25983,4,"2017-08-22 08:57:16"
25985,4,"2017-08-22 08:58:34"
25983,4,"2017-08-22 09:00:10"
25983,9,"2017-08-22 09:01:01"
25983,4,"2017-08-22 09:01:02"
25985,4,"2017-08-22 09:01:33"
25978,4,"2017-08-22 09:01:37"
25978,2,"2017-08-22 09:01:37"
25978,20,"2017-08-22 09:01:37"
25985,9,"2017-08-22 09:02:40"
25985,4,"2017-08-22 09:02:41"
25985,4,"2017-08-22 09:03:04"
25983,4,"2017-08-22 09:03:13"
25985,4,"2017-08-22 09:04:33"
25982,4,"2017-08-22 09:04:41"
25982,4,"2017-08-22 09:06:46"
25983,4,"2017-08-22 09:06:51"
25982,9,"2017-08-22 09:07:15"
25982,1,"2017-08-22 09:07:16"
25982,4,"2017-08-22 09:07:16"
25985,4,"2017-08-22 09:07:24"
25985,4,"2017-08-22 09:08:49"
25985,1,"2017-08-22 09:10:43"
25985,4,"2017-08-22 09:10:43"
28608,4,"2017-08-22 09:10:56"
25978,4,"2017-08-22 09:11:00"
25983,4,"2017-08-22 09:12:03"
25983,9,"2017-08-22 09:12:40"
25983,1,"2017-08-22 09:12:41"
25983,4,"2017-08-22 09:12:41"
28608,4,"2017-08-22 09:13:01"
28604,4,"2017-08-22 09:16:38"
28608,4,"2017-08-22 09:17:30"
28604,4,"2017-08-22 09:19:31"
28604,9,"2017-08-22 09:19:55"
28604,4,"2017-08-22 09:19:56"
28604,4,"2017-08-22 09:20:53"
28604,4,"2017-08-22 09:23:34"
25978,4,"2017-08-22 09:25:43"
25978,3,"2017-08-22 09:25:43"
25978,21,"2017-08-22 09:25:43"
28505,4,"2017-08-22 09:26:39"
28604,4,"2017-08-22 09:27:25"
28505,4,"2017-08-22 09:29:35"
28505,9,"2017-08-22 09:32:21"
28505,4,"2017-08-22 09:32:22"
28505,4,"2017-08-22 09:37:32"
28505,4,"2017-08-22 09:38:08"
28505,9,"2017-08-22 09:40:37"
28505,4,"2017-08-22 09:40:38"
28505,1,"2017-08-22 09:42:36"
28505,4,"2017-08-22 09:42:36"
28505,16,"2017-08-22 09:47:43"
28505,4,"2017-08-22 09:48:56"
28505,4,"2017-08-22 09:51:08"
28505,9,"2017-08-22 09:51:34"
28505,4,"2017-08-22 09:51:35"
28505,4,"2017-08-22 09:52:56"
28505,4,"2017-08-22 09:54:09"
28505,1,"2017-08-22 09:56:13"
28505,4,"2017-08-22 09:56:13"
28505,4,"2017-08-22 09:58:09"
28604,9,"2017-08-22 09:59:10"
28604,4,"2017-08-22 09:59:11"
28604,4,"2017-08-22 10:00:26"
28604,1,"2017-08-22 10:03:19"
28604,4,"2017-08-22 10:03:19"
28505,4,"2017-08-22 10:05:58"
28505,9,"2017-08-22 10:06:33"
28505,4,"2017-08-22 10:06:34"
28604,9,"2017-08-22 10:10:23"
28604,4,"2017-08-22 10:10:24"
28604,4,"2017-08-22 10:12:01"
28505,4,"2017-08-22 10:12:29"
28505,4,"2017-08-22 10:15:33"
28604,4,"2017-08-22 10:16:13"
28604,2,"2017-08-22 10:16:13"
28604,20,"2017-08-22 10:16:13"
28604,4,"2017-08-22 10:17:47"
28604,4,"2017-08-22 10:28:54"
28604,4,"2017-08-22 10:30:54"
28604,9,"2017-08-22 10:31:47"
28604,4,"2017-08-22 10:31:48"
28604,4,"2017-08-22 10:34:27"
28604,4,"2017-08-22 10:39:55"
28604,9,"2017-08-22 10:48:22"
28604,4,"2017-08-22 10:48:22"
28483,4,"2017-08-22 10:48:45"
28483,4,"2017-08-22 10:50:07"
28604,4,"2017-08-22 10:50:30"
28483,9,"2017-08-22 10:50:48"
28483,4,"2017-08-22 10:50:49"
28483,4,"2017-08-22 10:51:40"
28483,4,"2017-08-22 10:52:28"
28483,1,"2017-08-22 10:53:02"
28483,4,"2017-08-22 10:53:02"
28483,4,"2017-08-22 10:53:59"
28483,4,"2017-08-22 10:54:29"
28483,4,"2017-08-22 10:55:11"
28483,2,"2017-08-22 10:55:11"
28483,20,"2017-08-22 10:55:11"
28483,4,"2017-08-22 10:56:54"
28483,4,"2017-08-22 10:57:30"
28483,3,"2017-08-22 10:57:30"
28483,21,"2017-08-22 10:57:30"
28604,4,"2017-08-22 10:58:21"
28492,4,"2017-08-22 10:59:49"
28483,4,"2017-08-22 11:00:25"
28483,4,"2017-08-22 11:00:56"
28483,9,"2017-08-22 11:02:08"
28483,4,"2017-08-22 11:02:09"
28483,4,"2017-08-22 11:03:38"
28483,4,"2017-08-22 11:04:33"
28483,9,"2017-08-22 11:06:00"
28483,4,"2017-08-22 11:06:01"
28483,4,"2017-08-22 11:06:29"
28483,4,"2017-08-22 11:07:18"
28483,9,"2017-08-22 11:08:37"
28483,1,"2017-08-22 11:08:38"
28483,4,"2017-08-22 11:08:38"
28483,4,"2017-08-22 11:11:13"
28460,16,"2017-08-22 11:11:27"
28468,4,"2017-08-22 11:11:36"
28483,4,"2017-08-22 11:12:23"
28483,4,"2017-08-22 11:12:54"
28483,2,"2017-08-22 11:12:54"
28483,4,"2017-08-22 11:13:28"
28483,4,"2017-08-22 11:14:17"
28483,3,"2017-08-22 11:14:17"
28604,9,"2017-08-22 11:26:24"
28604,1,"2017-08-22 11:26:24"
28604,4,"2017-08-22 11:26:24"
28604,4,"2017-08-22 11:32:01"
28456,4,"2017-08-22 11:32:39"
28604,4,"2017-08-22 11:34:14"
28604,4,"2017-08-22 11:35:21"
28604,2,"2017-08-22 11:35:21"
25920,4,"2017-08-22 11:37:33"
25920,4,"2017-08-22 11:40:52"
28329,4,"2017-08-22 11:41:04"
25920,5,"2017-08-22 11:41:31"
25920,4,"2017-08-22 11:43:27"
28329,4,"2017-08-22 11:43:55"
28340,4,"2017-08-22 11:45:30"
25920,16,"2017-08-22 11:56:37"
28554,4,"2017-08-22 11:56:56"
28663,4,"2017-08-22 11:58:08"
28654,4,"2017-08-22 11:59:04"
28663,4,"2017-08-22 12:00:25"
28654,9,"2017-08-22 12:01:50"
28654,4,"2017-08-22 12:01:50"
28663,4,"2017-08-22 12:02:00"
25940,4,"2017-08-22 12:02:16"
28554,5,"2017-08-22 12:02:58"
25940,4,"2017-08-22 12:03:14"
25929,4,"2017-08-22 12:03:41"
28554,4,"2017-08-22 12:03:44"
25947,4,"2017-08-22 12:03:59"
25929,4,"2017-08-22 12:04:00"
28663,4,"2017-08-22 12:04:32"
28646,4,"2017-08-22 12:05:29"
28663,9,"2017-08-22 12:05:30"
28663,4,"2017-08-22 12:05:31"
28554,4,"2017-08-22 12:06:02"
28646,4,"2017-08-22 12:06:51"
28654,4,"2017-08-22 12:06:54"
28554,9,"2017-08-22 12:07:00"
28554,4,"2017-08-22 12:07:00"
28646,4,"2017-08-22 12:07:04"
28646,9,"2017-08-22 12:07:16"
28646,4,"2017-08-22 12:07:17"
28646,4,"2017-08-22 12:07:58"
28581,16,"2017-08-22 12:08:08"
28646,4,"2017-08-22 12:08:37"
28646,4,"2017-08-22 12:09:41"
28505,4,"2017-08-22 12:09:49"
28646,1,"2017-08-22 12:09:57"
28646,4,"2017-08-22 12:09:57"
28654,4,"2017-08-22 12:10:05"
28505,4,"2017-08-22 12:10:30"
28654,4,"2017-08-22 12:12:53"
28505,4,"2017-08-22 12:13:47"
28492,4,"2017-08-22 12:15:09"
28492,5,"2017-08-22 12:16:02"
28562,4,"2017-08-22 12:20:40"
28562,4,"2017-08-22 12:21:19"
28458,4,"2017-08-22 12:22:22"
28521,4,"2017-08-22 12:27:35"
28521,9,"2017-08-22 12:27:52"
28654,9,"2017-08-22 12:29:31"
28654,4,"2017-08-22 12:29:31"
28554,4,"2017-08-22 12:42:34"
28554,4,"2017-08-22 12:49:55"
28554,4,"2017-08-22 12:56:17"
28554,9,"2017-08-22 12:56:47"
28554,4,"2017-08-22 12:56:48"
28554,4,"2017-08-22 12:57:09"
28554,4,"2017-08-22 12:57:38"
28554,4,"2017-08-22 12:58:49"
28554,1,"2017-08-22 13:01:14"
28554,4,"2017-08-22 13:01:14"
28554,4,"2017-08-22 13:05:10"
28554,4,"2017-08-22 13:06:05"
28554,4,"2017-08-22 13:06:29"
28554,2,"2017-08-22 13:06:29"
28554,20,"2017-08-22 13:06:29"
25940,4,"2017-08-22 13:10:20"
25929,4,"2017-08-22 13:15:08"
25929,4,"2017-08-22 13:18:47"
25940,4,"2017-08-22 13:19:31"
25940,4,"2017-08-22 13:22:49"
25940,4,"2017-08-22 13:23:22"
25940,4,"2017-08-22 13:25:09"
25940,9,"2017-08-22 13:26:09"
28521,4,"2017-08-22 13:35:00"
28521,4,"2017-08-22 13:36:27"
28589,4,"2017-08-22 13:36:38"
28604,4,"2017-08-22 13:36:53"
28604,4,"2017-08-22 13:37:18"
28604,3,"2017-08-22 13:37:18"
28604,21,"2017-08-22 13:37:18"
28589,4,"2017-08-22 13:39:11"
28521,9,"2017-08-22 13:40:12"
28521,1,"2017-08-22 13:40:13"
28521,4,"2017-08-22 13:40:13"
28521,4,"2017-08-22 13:42:34"
28521,4,"2017-08-22 13:47:38"
28604,4,"2017-08-22 13:49:53"
28604,4,"2017-08-22 13:56:34"
25940,4,"2017-08-22 14:24:02"
25940,4,"2017-08-22 14:25:51"
25940,5,"2017-08-22 14:27:54"
25940,4,"2017-08-22 14:32:59"
25940,4,"2017-08-22 14:35:47"
25940,9,"2017-08-22 14:36:11"
25940,4,"2017-08-22 14:36:12"
25940,4,"2017-08-22 14:40:04"
25940,4,"2017-08-22 14:50:58"
25940,4,"2017-08-22 14:56:01"
25940,4,"2017-08-22 15:00:36"
25940,5,"2017-08-22 15:00:45"
25940,9,"2017-08-22 15:02:09"
25940,1,"2017-08-22 15:02:09"
25940,4,"2017-08-22 15:02:09"
25940,4,"2017-08-22 15:10:19"
25940,4,"2017-08-22 15:27:21"
25940,4,"2017-08-22 15:33:38"
25983,4,"2017-08-22 16:23:15"
28554,4,"2017-08-22 16:42:14"
28554,4,"2017-08-22 16:44:31"
28554,4,"2017-08-22 16:46:52"
28554,4,"2017-08-22 16:54:02"
28554,4,"2017-08-22 16:58:47"
28554,9,"2017-08-22 17:00:16"
28554,4,"2017-08-22 17:16:12"
25930,4,"2017-08-22 17:25:41"
29177,4,"2017-08-22 17:42:08"
28578,4,"2017-08-22 18:16:35"
28521,4,"2017-08-22 18:17:41"
28578,4,"2017-08-22 18:18:53"
28521,4,"2017-08-22 18:19:30"
28578,9,"2017-08-22 18:21:33"
28578,4,"2017-08-22 18:21:34"
28601,4,"2017-08-22 18:22:39"
28521,4,"2017-08-22 18:23:11"
28521,2,"2017-08-22 18:23:11"
28521,20,"2017-08-22 18:23:11"
28578,4,"2017-08-22 18:23:21"
28521,4,"2017-08-22 18:23:32"
28521,4,"2017-08-22 18:23:57"
28521,3,"2017-08-22 18:23:57"
28521,21,"2017-08-22 18:23:57"
28578,4,"2017-08-22 18:25:20"
28601,4,"2017-08-22 18:26:48"
28311,4,"2017-08-22 18:32:34"
28601,4,"2017-08-22 18:32:36"
28311,4,"2017-08-22 18:33:35"
28311,9,"2017-08-22 18:34:10"
28601,9,"2017-08-22 18:37:47"
28601,4,"2017-08-22 18:37:47"
28311,4,"2017-08-22 18:38:11"
28311,4,"2017-08-22 18:39:25"
28601,4,"2017-08-22 18:42:16"
28311,9,"2017-08-22 18:42:28"
28311,4,"2017-08-22 18:42:29"
28311,4,"2017-08-22 18:44:07"
28311,1,"2017-08-22 18:47:00"
28311,4,"2017-08-22 18:47:00"
28521,4,"2017-08-22 18:51:31"
28601,4,"2017-08-22 18:53:34"
28601,4,"2017-08-22 18:55:15"
28601,5,"2017-08-22 18:55:26"
28601,4,"2017-08-22 19:00:55"
28601,9,"2017-08-22 19:02:06"
28601,4,"2017-08-22 19:02:07"
28601,4,"2017-08-22 19:05:36"
28311,4,"2017-08-22 19:05:52"
28601,4,"2017-08-22 19:08:14"
28601,9,"2017-08-22 19:11:34"
28601,4,"2017-08-22 19:11:35"
28601,4,"2017-08-22 19:20:11"
28601,1,"2017-08-22 19:23:32"
28601,4,"2017-08-22 19:23:33"
28601,4,"2017-08-22 19:31:29"
28601,4,"2017-08-22 19:35:03"
28315,16,"2017-08-22 19:35:47"
28601,4,"2017-08-22 19:37:04"
28601,2,"2017-08-22 19:37:04"
28601,20,"2017-08-22 19:37:04"
28315,4,"2017-08-22 19:44:43"
28601,9,"2017-08-22 19:45:55"
28601,4,"2017-08-22 19:45:56"
28315,4,"2017-08-22 19:48:23"
28601,4,"2017-08-22 19:48:26"
28601,9,"2017-08-22 19:50:29"
28601,4,"2017-08-22 19:50:30"
28315,4,"2017-08-22 19:53:39"
28315,4,"2017-08-22 19:53:49"
28315,4,"2017-08-22 19:56:12"
28315,4,"2017-08-22 19:59:33"
28315,4,"2017-08-22 19:59:52"
28505,4,"2017-08-22 20:00:24"
28315,4,"2017-08-22 20:01:26"
28505,4,"2017-08-22 20:01:56"
28610,4,"2017-08-22 20:02:41"
28610,4,"2017-08-22 20:04:44"
28315,5,"2017-08-22 20:07:24"
28610,9,"2017-08-22 20:07:56"
28610,4,"2017-08-22 20:07:57"
28610,4,"2017-08-22 20:08:35"
28505,9,"2017-08-22 20:09:09"
28505,4,"2017-08-22 20:09:09"
28352,4,"2017-08-22 20:09:27"
28505,4,"2017-08-22 20:10:17"
28610,4,"2017-08-22 20:12:39"
28610,4,"2017-08-22 20:13:51"
28505,4,"2017-08-22 20:14:11"
28610,9,"2017-08-22 20:15:00"
28610,4,"2017-08-22 20:15:01"
28505,9,"2017-08-22 20:15:03"
28505,4,"2017-08-22 20:15:04"
28642,4,"2017-08-22 20:15:21"
28610,4,"2017-08-22 20:15:45"
28505,4,"2017-08-22 20:16:45"
28642,4,"2017-08-22 20:20:55"
28505,4,"2017-08-22 20:21:57"
28601,4,"2017-08-22 20:22:03"
28505,4,"2017-08-22 20:24:31"
28505,4,"2017-08-22 20:26:33"
28505,9,"2017-08-22 20:26:45"
28505,1,"2017-08-22 20:26:46"
28505,4,"2017-08-22 20:26:46"
28642,5,"2017-08-22 20:26:47"
28505,4,"2017-08-22 20:29:42"
28505,4,"2017-08-22 20:30:29"
28505,9,"2017-08-22 20:31:26"
28505,4,"2017-08-22 20:31:27"
28505,4,"2017-08-22 20:31:56"
28610,16,"2017-08-22 20:32:11"
28505,4,"2017-08-22 20:32:49"
28610,4,"2017-08-22 20:33:57"
28505,9,"2017-08-22 20:34:21"
28505,1,"2017-08-22 20:34:22"
28505,4,"2017-08-22 20:34:22"
28610,4,"2017-08-22 20:34:55"
28610,9,"2017-08-22 20:35:30"
28610,4,"2017-08-22 20:35:31"
28505,9,"2017-08-22 20:36:07"
28505,14,"2017-08-22 20:36:07"
28505,4,"2017-08-22 20:36:08"
28610,4,"2017-08-22 20:36:57"
28610,4,"2017-08-22 20:40:52"
28610,4,"2017-08-22 20:41:03"
28505,4,"2017-08-22 20:42:00"
28505,4,"2017-08-22 20:42:39"
28610,4,"2017-08-22 20:42:47"
28610,9,"2017-08-22 20:43:04"
28610,4,"2017-08-22 20:43:05"
28610,4,"2017-08-22 20:44:57"
28505,4,"2017-08-22 20:45:25"
28505,2,"2017-08-22 20:45:25"
28505,20,"2017-08-22 20:45:25"
28610,1,"2017-08-22 20:46:30"
28610,4,"2017-08-22 20:46:30"
28610,4,"2017-08-22 20:47:20"
28505,4,"2017-08-22 20:47:33"
28610,4,"2017-08-22 20:48:46"
28610,4,"2017-08-22 20:49:25"
28610,9,"2017-08-22 20:49:44"
28610,4,"2017-08-22 20:49:45"
28610,2,"2017-08-22 20:49:45"
28610,20,"2017-08-22 20:49:45"
28610,4,"2017-08-22 20:50:21"
28505,4,"2017-08-22 20:50:27"
28505,3,"2017-08-22 20:50:27"
28505,21,"2017-08-22 20:50:27"
28610,4,"2017-08-22 20:56:54"
28610,4,"2017-08-22 20:57:25"
28601,4,"2017-08-22 21:12:03"
28601,4,"2017-08-22 21:16:10"
28601,3,"2017-08-22 21:16:10"
28601,21,"2017-08-22 21:16:10"
28601,4,"2017-08-22 21:20:05"
28601,4,"2017-08-22 21:25:52"
28601,9,"2017-08-22 21:29:51"
28601,4,"2017-08-22 21:29:52"
28601,4,"2017-08-22 21:32:11"
28601,4,"2017-08-22 21:33:04"
28601,4,"2017-08-22 21:36:46"
28601,1,"2017-08-22 21:39:52"
28601,4,"2017-08-22 21:39:52"
28578,9,"2017-08-22 21:41:15"
28578,4,"2017-08-22 21:41:16"
28578,4,"2017-08-22 21:43:07"
28578,1,"2017-08-22 21:43:36"
28578,4,"2017-08-22 21:43:36"
28601,4,"2017-08-22 21:44:03"
28601,4,"2017-08-22 21:45:15"
28578,4,"2017-08-22 21:45:58"
28578,4,"2017-08-22 21:48:13"
28601,4,"2017-08-22 21:49:23"
28601,2,"2017-08-22 21:49:23"
28578,4,"2017-08-22 21:52:51"
28601,4,"2017-08-22 21:53:09"
28601,4,"2017-08-22 21:53:56"
28578,4,"2017-08-22 21:54:25"
28578,2,"2017-08-22 21:54:25"
28578,20,"2017-08-22 21:54:25"
28578,4,"2017-08-22 21:56:31"
28601,4,"2017-08-22 21:56:34"
28601,4,"2017-08-22 21:57:31"
28578,9,"2017-08-22 21:57:56"
28578,4,"2017-08-22 21:57:57"
28578,3,"2017-08-22 21:57:57"
28578,21,"2017-08-22 21:57:57"
28601,4,"2017-08-22 21:58:46"
28601,3,"2017-08-22 21:58:46"
28578,4,"2017-08-22 22:00:20"
28578,4,"2017-08-22 22:02:18"
28578,9,"2017-08-22 22:03:43"
28578,4,"2017-08-22 22:03:44"
28578,4,"2017-08-22 22:05:01"
28578,1,"2017-08-22 22:06:59"
28578,4,"2017-08-22 22:06:59"
28578,4,"2017-08-22 22:08:39"
28578,4,"2017-08-22 22:09:33"
28578,4,"2017-08-22 22:11:06"
28578,2,"2017-08-22 22:11:06"
28578,4,"2017-08-22 22:12:20"
28578,4,"2017-08-22 22:13:35"
28578,3,"2017-08-22 22:13:35"
28642,4,"2017-08-22 22:16:45"
28663,4,"2017-08-22 22:32:27"
28663,4,"2017-08-22 22:35:32"
28663,4,"2017-08-22 22:37:04"
28663,9,"2017-08-22 22:37:18"
28663,4,"2017-08-22 22:39:38"
28657,4,"2017-08-22 22:43:19"
28578,4,"2017-08-22 23:32:50"
28578,4,"2017-08-22 23:36:15"
28578,5,"2017-08-22 23:36:28"
28578,9,"2017-08-22 23:37:00"
28578,4,"2017-08-22 23:37:00"
28578,4,"2017-08-22 23:39:08"
28578,4,"2017-08-22 23:41:16"
28578,4,"2017-08-22 23:48:30"
28578,9,"2017-08-22 23:48:50"
28578,4,"2017-08-22 23:48:51"
28578,4,"2017-08-22 23:52:04"
28578,4,"2017-08-22 23:55:49"
28578,9,"2017-08-22 23:58:56"
28578,1,"2017-08-22 23:58:57"
28578,4,"2017-08-22 23:58:57"
28578,4,"2017-08-23 00:02:14"
28601,4,"2017-08-23 05:54:39"
28601,9,"2017-08-23 05:56:36"
28601,4,"2017-08-23 05:56:36"
28601,4,"2017-08-23 06:00:40"
28521,4,"2017-08-23 06:22:41"
28521,9,"2017-08-23 06:37:13"
28521,4,"2017-08-23 06:37:13"
28521,4,"2017-08-23 06:40:18"
28562,9,"2017-08-23 06:44:20"
28562,4,"2017-08-23 06:44:20"
28562,4,"2017-08-23 06:45:40"
28562,4,"2017-08-23 06:47:00"
28562,9,"2017-08-23 06:47:29"
28562,1,"2017-08-23 06:47:30"
28562,4,"2017-08-23 06:47:30"
28521,4,"2017-08-23 06:47:31"
28521,9,"2017-08-23 06:48:24"
28521,4,"2017-08-23 06:48:25"
28562,4,"2017-08-23 06:48:45"
28562,4,"2017-08-23 06:51:04"
28562,4,"2017-08-23 06:52:51"
28562,4,"2017-08-23 06:54:33"
28562,4,"2017-08-23 06:55:05"
28562,4,"2017-08-23 06:55:22"
28562,2,"2017-08-23 06:55:22"
28562,20,"2017-08-23 06:55:22"
28521,4,"2017-08-23 06:58:56"
28554,4,"2017-08-23 06:59:56"
28562,4,"2017-08-23 07:00:16"
28554,4,"2017-08-23 07:02:20"
28562,16,"2017-08-23 07:06:26"
28604,4,"2017-08-23 07:10:35"
28554,4,"2017-08-23 07:13:02"
28554,1,"2017-08-23 07:14:21"
28554,4,"2017-08-23 07:14:21"
28604,4,"2017-08-23 07:15:30"
28554,4,"2017-08-23 07:17:10"
28604,9,"2017-08-23 07:17:43"
28604,4,"2017-08-23 07:17:43"
28604,4,"2017-08-23 07:20:36"
28604,4,"2017-08-23 07:21:43"
28604,4,"2017-08-23 07:23:49"
28554,4,"2017-08-23 07:26:19"
28604,1,"2017-08-23 07:27:23"
28604,4,"2017-08-23 07:27:23"
28578,4,"2017-08-23 07:32:36"
28604,4,"2017-08-23 07:33:40"
28604,4,"2017-08-23 07:36:28"
28578,4,"2017-08-23 07:36:33"
28578,9,"2017-08-23 07:38:17"
28578,4,"2017-08-23 07:38:18"
28578,4,"2017-08-23 07:38:36"
28604,4,"2017-08-23 07:38:46"
28604,2,"2017-08-23 07:38:46"
28578,4,"2017-08-23 07:40:02"
28578,1,"2017-08-23 07:41:44"
28578,14,"2017-08-23 07:41:44"
28578,4,"2017-08-23 07:41:44"
28604,4,"2017-08-23 07:45:43"
28604,4,"2017-08-23 07:46:35"
28604,3,"2017-08-23 07:46:35"
28554,4,"2017-08-23 08:18:36"
28554,5,"2017-08-23 08:19:43"
28554,4,"2017-08-23 08:20:52"
28554,9,"2017-08-23 08:23:05"
28554,4,"2017-08-23 08:23:06"
28554,4,"2017-08-23 08:23:59"
28562,4,"2017-08-23 08:24:17"
28554,4,"2017-08-23 08:24:45"
28554,5,"2017-08-23 08:24:53"
28562,5,"2017-08-23 08:26:41"
28562,4,"2017-08-23 08:29:59"
28554,4,"2017-08-23 08:32:36"
28554,4,"2017-08-23 08:34:58"
28554,4,"2017-08-23 08:37:30"
28554,9,"2017-08-23 08:38:08"
28554,4,"2017-08-23 08:40:56"
28581,4,"2017-08-23 08:42:10"
28581,4,"2017-08-23 08:45:06"
28581,9,"2017-08-23 08:45:53"
28581,4,"2017-08-23 08:45:54"
28554,4,"2017-08-23 08:46:01"
28554,4,"2017-08-23 08:58:02"
28554,4,"2017-08-23 08:58:17"
28554,5,"2017-08-23 09:01:59"
28554,4,"2017-08-23 09:02:23"
28554,9,"2017-08-23 09:03:37"
28554,4,"2017-08-23 09:11:05"
28006,4,"2017-08-23 09:13:44"
28006,4,"2017-08-23 09:14:54"
28006,9,"2017-08-23 09:16:01"
28006,4,"2017-08-23 09:16:02"
28021,4,"2017-08-23 09:16:39"
28554,4,"2017-08-23 09:17:07"
28554,4,"2017-08-23 09:18:15"
28554,9,"2017-08-23 09:18:52"
28554,4,"2017-08-23 09:18:53"
28021,5,"2017-08-23 09:18:57"
28135,4,"2017-08-23 09:19:23"
28135,4,"2017-08-23 09:20:01"
28135,9,"2017-08-23 09:20:23"
28014,4,"2017-08-23 09:20:34"
28025,4,"2017-08-23 09:20:36"
28014,4,"2017-08-23 09:20:59"
28125,4,"2017-08-23 09:21:04"
28014,9,"2017-08-23 09:21:22"
28014,4,"2017-08-23 09:21:23"
33120,4,"2017-08-23 09:21:24"
28125,4,"2017-08-23 09:21:27"
28006,4,"2017-08-23 09:21:36"
28014,4,"2017-08-23 09:22:17"
33120,4,"2017-08-23 09:22:28"
28135,4,"2017-08-23 09:22:54"
28125,4,"2017-08-23 09:24:16"
28554,4,"2017-08-23 09:24:32"
28120,4,"2017-08-23 09:25:37"
28120,4,"2017-08-23 09:25:48"
28120,9,"2017-08-23 09:26:00"
28120,4,"2017-08-23 09:26:01"
28120,4,"2017-08-23 09:26:24"
28017,4,"2017-08-23 09:27:09"
28040,4,"2017-08-23 09:27:19"
28014,4,"2017-08-23 09:27:30"
28554,4,"2017-08-23 09:28:12"
28115,4,"2017-08-23 09:28:21"
28115,4,"2017-08-23 09:28:31"
28017,4,"2017-08-23 09:28:34"
28021,4,"2017-08-23 09:30:00"
28014,4,"2017-08-23 09:30:11"
28135,4,"2017-08-23 09:30:12"
28115,4,"2017-08-23 09:31:10"
28040,4,"2017-08-23 09:31:30"
28554,9,"2017-08-23 09:31:41"
28554,4,"2017-08-23 09:31:42"
28119,4,"2017-08-23 09:31:48"
28035,4,"2017-08-23 09:31:58"
28119,4,"2017-08-23 09:32:20"
28125,4,"2017-08-23 09:32:23"
28119,9,"2017-08-23 09:32:43"
28119,4,"2017-08-23 09:32:44"
28014,4,"2017-08-23 09:33:08"
28554,1,"2017-08-23 09:33:12"
28554,14,"2017-08-23 09:33:12"
28554,4,"2017-08-23 09:33:12"
28120,4,"2017-08-23 09:33:16"
28115,4,"2017-08-23 09:33:53"
28135,4,"2017-08-23 09:34:17"
28014,4,"2017-08-23 09:34:29"
28124,4,"2017-08-23 09:34:47"
28014,9,"2017-08-23 09:34:56"
28014,4,"2017-08-23 09:34:56"
28017,4,"2017-08-23 09:34:58"
28125,9,"2017-08-23 09:35:02"
28125,4,"2017-08-23 09:35:03"
28017,9,"2017-08-23 09:35:24"
28115,9,"2017-08-23 09:35:31"
28115,4,"2017-08-23 09:35:32"
28119,4,"2017-08-23 09:35:57"
28040,4,"2017-08-23 09:36:05"
28120,9,"2017-08-23 09:36:05"
28120,4,"2017-08-23 09:36:06"
28135,4,"2017-08-23 09:36:08"
28014,4,"2017-08-23 09:36:19"
28035,4,"2017-08-23 09:37:34"
28014,4,"2017-08-23 09:37:45"
28135,9,"2017-08-23 09:37:46"
28135,4,"2017-08-23 09:37:47"
28025,4,"2017-08-23 09:38:00"
28119,4,"2017-08-23 09:39:04"
28025,9,"2017-08-23 09:39:07"
28025,4,"2017-08-23 09:39:08"
28014,9,"2017-08-23 09:39:30"
28014,4,"2017-08-23 09:39:31"
28021,4,"2017-08-23 09:39:47"
28021,9,"2017-08-23 09:40:00"
28021,4,"2017-08-23 09:40:00"
28115,4,"2017-08-23 09:40:07"
28025,4,"2017-08-23 09:40:08"
28021,4,"2017-08-23 09:40:13"
28014,1,"2017-08-23 09:40:27"
28014,4,"2017-08-23 09:40:27"
28115,4,"2017-08-23 09:40:41"
28119,4,"2017-08-23 09:40:50"
28119,9,"2017-08-23 09:41:10"
28119,4,"2017-08-23 09:41:11"
28135,4,"2017-08-23 09:41:23"
28119,5,"2017-08-23 09:42:53"
28014,4,"2017-08-23 09:43:06"
28119,4,"2017-08-23 09:43:39"
28017,4,"2017-08-23 09:44:10"
28120,4,"2017-08-23 09:44:32"
28505,4,"2017-08-23 09:44:38"
28119,4,"2017-08-23 09:44:47"
28135,4,"2017-08-23 09:45:16"
28119,1,"2017-08-23 09:45:42"
28119,4,"2017-08-23 09:45:42"
28125,4,"2017-08-23 09:45:54"
28012,4,"2017-08-23 09:46:42"
28035,4,"2017-08-23 09:46:47"
28135,9,"2017-08-23 09:46:53"
28135,4,"2017-08-23 09:46:54"
28040,4,"2017-08-23 09:46:56"
28119,4,"2017-08-23 09:47:20"
28014,4,"2017-08-23 09:47:32"
28040,4,"2017-08-23 09:47:37"
28040,9,"2017-08-23 09:48:01"
28040,4,"2017-08-23 09:48:02"
28125,4,"2017-08-23 09:48:37"
28120,4,"2017-08-23 09:48:42"
28014,4,"2017-08-23 09:48:58"
28014,2,"2017-08-23 09:48:58"
28014,20,"2017-08-23 09:48:58"
28135,4,"2017-08-23 09:49:12"
28119,4,"2017-08-23 09:49:23"
28119,4,"2017-08-23 09:49:39"
28035,9,"2017-08-23 09:49:50"
28035,4,"2017-08-23 09:49:51"
28120,9,"2017-08-23 09:50:35"
28120,4,"2017-08-23 09:50:36"
28125,9,"2017-08-23 09:50:45"
28125,4,"2017-08-23 09:50:46"
28505,4,"2017-08-23 09:51:03"
28021,4,"2017-08-23 09:51:36"
28021,4,"2017-08-23 09:52:02"
28119,4,"2017-08-23 09:52:06"
28135,4,"2017-08-23 09:52:09"
28120,4,"2017-08-23 09:52:26"
28115,4,"2017-08-23 09:52:33"
28135,9,"2017-08-23 09:52:44"
28135,4,"2017-08-23 09:52:44"
28119,4,"2017-08-23 09:52:54"
28119,4,"2017-08-23 09:53:23"
28119,2,"2017-08-23 09:53:23"
28119,20,"2017-08-23 09:53:23"
28021,4,"2017-08-23 09:54:04"
28014,4,"2017-08-23 09:54:30"
28562,4,"2017-08-23 09:54:32"
28505,9,"2017-08-23 09:54:54"
28505,4,"2017-08-23 09:54:54"
28017,4,"2017-08-23 09:54:57"
28135,1,"2017-08-23 09:55:11"
28135,4,"2017-08-23 09:55:11"
28119,4,"2017-08-23 09:55:48"
28562,4,"2017-08-23 09:55:52"
28017,4,"2017-08-23 09:56:02"
28012,4,"2017-08-23 09:56:05"
28006,4,"2017-08-23 09:56:07"
28120,4,"2017-08-23 09:56:12"
28017,9,"2017-08-23 09:56:13"
28017,4,"2017-08-23 09:56:14"
28562,9,"2017-08-23 09:56:25"
28562,4,"2017-08-23 09:56:26"
28119,4,"2017-08-23 09:56:37"
28119,3,"2017-08-23 09:56:37"
28119,21,"2017-08-23 09:56:37"
28040,4,"2017-08-23 09:56:38"
28006,9,"2017-08-23 09:56:48"
28006,4,"2017-08-23 09:56:49"
28562,4,"2017-08-23 09:57:05"
28040,4,"2017-08-23 09:57:30"
28115,4,"2017-08-23 09:57:56"
28562,4,"2017-08-23 09:58:04"
28006,4,"2017-08-23 09:58:08"
28021,1,"2017-08-23 09:58:13"
28021,4,"2017-08-23 09:58:13"
28014,4,"2017-08-23 09:58:31"
28554,4,"2017-08-23 09:58:35"
28119,4,"2017-08-23 09:58:38"
28115,9,"2017-08-23 09:59:10"
28115,4,"2017-08-23 09:59:11"
28040,4,"2017-08-23 09:59:14"
28119,4,"2017-08-23 09:59:29"
28135,4,"2017-08-23 10:00:46"
28554,4,"2017-08-23 10:01:37"
28554,9,"2017-08-23 10:01:48"
28554,4,"2017-08-23 10:01:48"
28125,4,"2017-08-23 10:02:16"
28119,4,"2017-08-23 10:02:45"
28562,4,"2017-08-23 10:02:57"
28119,9,"2017-08-23 10:03:09"
28562,4,"2017-08-23 10:03:22"
28125,4,"2017-08-23 10:03:23"
28554,4,"2017-08-23 10:03:39"
28124,4,"2017-08-23 10:03:40"
28124,4,"2017-08-23 10:04:32"
28017,4,"2017-08-23 10:04:32"
28120,4,"2017-08-23 10:04:35"
28135,4,"2017-08-23 10:04:40"
28115,4,"2017-08-23 10:04:57"
28120,4,"2017-08-23 10:05:06"
28049,4,"2017-08-23 10:05:24"
28115,4,"2017-08-23 10:05:26"
28115,9,"2017-08-23 10:05:44"
28115,1,"2017-08-23 10:05:45"
28115,4,"2017-08-23 10:05:45"
28049,5,"2017-08-23 10:06:05"
28135,4,"2017-08-23 10:06:18"
28125,4,"2017-08-23 10:06:29"
28119,4,"2017-08-23 10:06:50"
28135,4,"2017-08-23 10:07:14"
28135,2,"2017-08-23 10:07:14"
28135,20,"2017-08-23 10:07:14"
28119,4,"2017-08-23 10:07:18"
28120,9,"2017-08-23 10:07:24"
28120,4,"2017-08-23 10:07:25"
28115,4,"2017-08-23 10:07:28"
28589,4,"2017-08-23 10:07:50"
28119,4,"2017-08-23 10:07:55"
28119,4,"2017-08-23 10:08:36"
28125,4,"2017-08-23 10:08:42"
28006,4,"2017-08-23 10:08:49"
28124,9,"2017-08-23 10:08:59"
28124,4,"2017-08-23 10:09:00"
28119,4,"2017-08-23 10:09:11"
28120,4,"2017-08-23 10:09:33"
28119,1,"2017-08-23 10:09:52"
28119,4,"2017-08-23 10:09:52"
28115,4,"2017-08-23 10:10:30"
28135,4,"2017-08-23 10:10:49"
28119,4,"2017-08-23 10:11:13"
28120,4,"2017-08-23 10:11:24"
28135,4,"2017-08-23 10:11:27"
28135,3,"2017-08-23 10:11:27"
28135,21,"2017-08-23 10:11:27"
28125,4,"2017-08-23 10:11:28"
28589,9,"2017-08-23 10:11:33"
28589,4,"2017-08-23 10:11:33"
28125,9,"2017-08-23 10:11:38"
28125,4,"2017-08-23 10:11:39"
28119,4,"2017-08-23 10:11:51"
28115,4,"2017-08-23 10:12:06"
28115,2,"2017-08-23 10:12:07"
28115,20,"2017-08-23 10:12:07"
28006,4,"2017-08-23 10:12:16"
28119,4,"2017-08-23 10:12:59"
28119,2,"2017-08-23 10:12:59"
28014,4,"2017-08-23 10:13:00"
28123,4,"2017-08-23 10:13:01"
28124,4,"2017-08-23 10:13:10"
28589,4,"2017-08-23 10:13:19"
28125,4,"2017-08-23 10:13:19"
28123,4,"2017-08-23 10:13:32"
28006,9,"2017-08-23 10:13:48"
28006,4,"2017-08-23 10:13:49"
28120,4,"2017-08-23 10:14:04"
28006,4,"2017-08-23 10:14:22"
28135,4,"2017-08-23 10:14:29"
28125,4,"2017-08-23 10:14:35"
28589,4,"2017-08-23 10:14:46"
28014,9,"2017-08-23 10:14:56"
28014,4,"2017-08-23 10:14:57"
28014,4,"2017-08-23 10:15:37"
28040,9,"2017-08-23 10:15:42"
28040,4,"2017-08-23 10:15:43"
28589,9,"2017-08-23 10:15:52"
28589,4,"2017-08-23 10:15:52"
28021,4,"2017-08-23 10:15:53"
28119,4,"2017-08-23 10:15:59"
